pavan,ad1
sunitha,ad3
sunitha,ad2
samba,ad2
prashanth,ad1
samba,ad2
prashanth,ad3
samba,ad1
pavan,ad1
samba,ad1
samba,ad3
pavan,ad1
samba,ad2
prashanth,ad2
samba,ad2
prashanth,ad2
sunitha,ad1
pavan,ad1
murali,ad1
sunitha,ad1
murali,ad3
samba,ad3
pavan,ad2
sunitha,ad1
pavan,ad3
prashanth,ad3
pavan,ad3
murali,ad1
sunitha,ad1
samba,ad1
pavan,ad2
murali,ad2
pavan,ad1
pavan,ad2
murali,ad3
pavan,ad1
murali,ad2
samba,ad3
pavan,ad3
prashanth,ad3
murali,ad2
pavan,ad1
prashanth,ad1
samba,ad1
prashanth,ad2
prashanth,ad3
sunitha,ad2
prashanth,ad3
pavan,ad3
murali,ad1
samba,ad2
pavan,ad1
pavan,ad3
sunitha,ad3
murali,ad2
prashanth,ad2
prashanth,ad2
pavan,ad1
murali,ad1
samba,ad2
prashanth,ad3
pavan,ad1
prashanth,ad3
prashanth,ad2
murali,ad1
pavan,ad2
samba,ad2
murali,ad3
pavan,ad2
pavan,ad3
murali,ad3
pavan,ad3
sunitha,ad3
samba,ad1
murali,ad1
sunitha,ad3
murali,ad1
samba,ad3
sunitha,ad2
prashanth,ad2
sunitha,ad1
pavan,ad1
samba,ad3
murali,ad1
pavan,ad2
samba,ad1
sunitha,ad2
murali,ad3
sunitha,ad2
prashanth,ad3
samba,ad3
prashanth,ad1
sunitha,ad2
prashanth,ad2
sunitha,ad3
prashanth,ad1
murali,ad2
prashanth,ad1
prashanth,ad1
prashanth,ad3
